INSERT INTO users (name, age) VALUES ("James Bond", "45"),
 ("Joe Ross", "33"),
 ("Adam Smith", "28"),
 ("Gary Moor", "19"),
 ("Sofia Carey", "53"),
 ("Alex Born", "29"),
 ("Bob Farel", "45"),
 ("Michael Garley", "34"),
 ("Joe Broun", "35"),
 ("Kaley Smith", "25"),
 ("Donald Trump", "60"),
 ("Joe Byden", "38"),
 ("Will Smith", "49"),
 ("Ben Ross", "43"),
 ("Dik Mason", "25"),
 ("Rio Jons", "34"),
 ("Valery Borkov", "37"),
 ("Mikle Fox", "23"),
 ("Justin Roen", "29"),
 ("James Margen", "40");

INSERT INTO pledges (amount, user_id, project_id) VALUES (200, 20, 1),
  (500, 19, 10),
  (700, 18, 9),
  (255, 17, 8),
  (798, 16, 7),
  (398, 15, 6),
  (5555, 14, 5),
  (1000, 13, 4),
  (350, 12, 3),
  (2500, 11, 2),
  (900, 10, 10),
  (800, 9, 1),
  (1200, 8, 2),
  (3400, 7, 3),
  (5300, 6, 4),
  (900, 5, 5),
  (8900, 4, 6),
  (45000, 3, 7),
  (2800, 2, 8),
  (12000, 1, 9),
  (11000, 20, 10),
  (3300, 19, 9),
  (5400, 18, 8),
  (2700, 17, 7),
  (3800, 16, 6),
  (4200, 15, 5),
  (5000, 14, 4),
  (10000, 13, 3),
  (5670, 12, 2),
  (1450, 11, 1);

INSERT INTO projects (id, title, category, funding_goal, start_date, end_date) VALUES (1, 'Help me buy a guitar', 'music', 500.00, '2013-06-30', '2013-07-30'),
(2, 'My book on SQL', 'books', 20.00, '2013-01-01', '2014-01-01'),
(3, 'The next Harry Potter', 'books', 1000.00, '2013-05-30', '2015-05-30'),
(4, 'Animal shelter needs dog food', 'charity', 400.00, '2013-03-14', '2013-06-30'),
(5, 'Voldement needs a body', 'charity', 6000.00, '2013-03-20', '2013-09-20'),
(6, 'The next Inna-Gadda-Davida', 'music', 200.00, '2014-12-30', '2015-12-30'),
(7, 'Iguana needs tail operation', 'charity', 2000.00, '2013-10-02', '2013-10-30'),
(8, 'I have bed bugs!', 'charity', 800.00, '2014-06-30', '2014-06-31'),
(9, 'I want to teach English in China', 'charity', 3000.00, '2013-06-30', '2013-09-30'),
(10, 'Help save birds of paradise', 'charity', 5000.00, '2012-03-20', '2013-06-30');

